/tiara/2010/tiara_ham_fair_2010_dk7pe.jpg;Ham Fair 2010 (DK7PE photo)
/tiara/2024/yokohama-new-years-party/2024-Yokohama-club-NYP01.jpg; 2024 Yokohama Club New Year's Party
/tiara/2024/yokohama-new-years-party/2024-Yokohama-club-NYP02.jpg; 2024 Yokohama Club New Year's Party
/tiara/bbs/bbs.jpg;Former 7J1YAA packet radio BBS @ 7J1AJH
/tiara/bbs/bbsant.jpg;Former 7J1YAA packet radio BBS antenna
/tiara/bbs/bbsant36.jpg;Former 7J1YAA packet radio BBS antenna
/tiara/1992/Yokota-1992.jpg;1992 Breakfast at Yokota AFB
/tiara/1996/TIARA-Christmas-Party-1996.jpg;1996 Christmas Party
/tiara/1996/TIARA-Christmas-Party-with-Santa-1996.jpg;1996 Christmas Party
/tiara/1998x/jarljp.jpg;1998 Christmas Party
/tiara/1998x/photo1.jpg;1998 Christmas Party
/tiara/1998x/photo2.jpg;1998 Christmas Party
/tiara/1998x/photo3.jpg;1998 Christmas Party
/tiara/1998x/photo4.jpg;1998 Christmas Party
/tiara/1998x/photo8.jpg;1998 Christmas Party
/tiara/1998x/photo9.jpg;1998 Christmas Party
/tiara/1998x/tiara1.jpg;1998 Christmas Party
/tiara/1998x/tiara10.jpg;1998 Christmas Party
/tiara/1999x/tiara-christmas-1999.jpg;1999 Christmas Party
/tiara/1999x/tiara-kanpai-1999.jpg;1999 Christmas Party
/tiara/2000x/aut_0019.jpg;2000 Christmas Party
/tiara/2000x/aut_0020.jpg;2000 Christmas Party
/tiara/2000x/aut_0021.jpg;2000 Christmas Party
/tiara/2000x/aut_0022.jpg;2000 Christmas Party
#/tiara/2000x/tiara_1209.jpg;2000 Christmas Party
/tiara/2000x/aut_1237.jpg;2000 Christmas Party
/tiara/2002/party/30th_02.jpg;2002 30th Anniversary
/tiara/2002/party/30th_05.jpg;2002 30th Anniversary
/tiara/2002/party/30th_06.jpg;2002 30th Anniversary
/tiara/2002/party/30th_All.jpg;2002 30th Anniversary
/tiara/2002/party/30th_Bingo_01.jpg;2002 30th Anniversary
/tiara/2002/party/30th_Bingo_02.jpg;2002 30th Anniversary
/tiara/2002/party/30th_Bingo_03.jpg;2002 30th Anniversary
/tiara/2002/Tiara0211-00.jpg;November, 2002 Meeting
/tiara/2002/Tiara0211-01.jpg;November, 2002 Meeting
/tiara/2002/Tiara0211-02.jpg;November, 2002 Meeting
/tiara/2002/Tiara0211-03.jpg;November, 2002 Meeting
/tiara/2002/fieldday/fd200201.jpg;2002 Field Day
/tiara/2002/fieldday/fd200203.jpg;2002 Field Day
/tiara/2002/fieldday/fd200204.jpg;2002 Field Day
/tiara/2002/fieldday/fd200205.jpg;2002 Field Day
/tiara/2002x/tiaraxmas-1.jpg;2002 Christmas Party
/tiara/2002x/tiaraxmas-2.jpg;2002 Christmas Party
/tiara/2002x/tiaraxmas-4.jpg;2002 Christmas Party
/tiara/2002x/tiaraxmas-6.jpg;2002 Christmas Party
/tiara/2002x/tiaraxmas-8.jpg;2002 Christmas Party
/tiara/2002x/tiaraxmas-9.jpg;2002 Christmas Party
/tiara/2002x/img0001.jpg;2002 Christmas Party
/tiara/2002x/img0002.jpg;2002 Christmas Party
/tiara/2002x/img0003.jpg;2002 Christmas Party
/tiara/2002x/img0004.jpg;2002 Christmas Party
/tiara/2002x/img0005.jpg;2002 Christmas Party
/tiara/2002x/img0006.jpg;2002 Christmas Party
/tiara/2002x/img0007.jpg;2002 Christmas Party
/tiara/2002x/img0008.jpg;2002 Christmas Party
/tiara/2002x/img0009.jpg;2002 Christmas Party
/tiara/2002x/xmas2002.jpg;2002 Christmas Party
/tiara/2007/PC010042.jpg;2007 Christmas Party
/tiara/2007/PC010043.jpg;2007 Christmas Party
/tiara/2007/PC010045.jpg;2007 Christmas Party
/tiara/2007/PC010046.jpg;2007 Christmas Party
/tiara/2010/tiara_ham_fair_2010_dk7pe.jpg;2010 Ham Fair
/tiara/2012/2012-04-TIARA.jpg;April, 2012 Meeting
/tiara/2012/TIARA_HamFair_2012.jpg;2012 Ham Fair
/tiara/2012/TIARA_Christmas_Party_2012.jpg;2012 Christmas Party
/tiara/2013/2013-01-TIARA_meeting.jpg;January, 2013 Meeting
/tiara/2013/2013-01-TIARA_after_meeting_social_hour.jpg;January, 2013 After Meeting Social Hour
/tiara/2013/2013-08-TIARA-HamFair.jpg;2013 Ham Fair
/tiara/2014/2014-TIARA-HamFair.jpg;2014 Ham Fair
/tiara/QSL/1993_TIARA_Field_Day_QSL_card.jpg;1993 QSL
/tiara/QSL/1994_TIARA_Field_Day_QSL_card.jpg;1994 QSL
/tiara/QSL/1996_TIARA_Field_Day_QSL_card.jpg;1996 QSL
/tiara/QSL/1997_TIARA_Field_Day_QSL_CQ_WW_Contest.jpg;1997 QSL
/tiara/QSL/2001_TIARA_Field_Day_QSL_card.jpg;2001 QSL
/tiara/2015/TIARA-2015-09.jpg;September, 2015 Meeting (JG1MBR photo)
/tiara/2015/TIARA-2015-09-Rick-JI1HSV.jpg;Rick JI1HSV describes his balanced line tester (2015-09) (JG1MBR photo)
/tiara/2015/TIARA-Christmas-Party-2015-12-06.jpg;2015 Christmas Party
/events/8J1JAUS-operation-JI1HSV-B.jpg;8J1JAUS operation by Rick JI1HSV
/events/JI1HSV-Ant.jpg;8J1JAUS operation by Rick JI1HSV
/tiara/2016/2016-05-5.jpg;2016-05 Meeting (JO7XVL photo)
/tiara/2016/2016-05-6.jpg;2016-05 Meeting (JO7XVL photo)
/tiara/2016/2016-05-7.jpg;2016-05 Meeting (JO7XVL photo)
/tiara/2016/2016-05-8.jpg;2016-05 Meeting (JO7XVL photo)
/tiara/2016/2016-05-after-meeting-get-together.jpg;2016-05 After Meeting Gathering (7J1ABD photo)
/tiara/2016/hamfair/Ham-Fair-Tokyo-2016-TIARA-booth-1-photo-7J1ABD.jpg;Ham Fair 2016 (7J1ABD photo)
/tiara/2016/hamfair/Ham-Fair-Tokyo-2016-TIARA-booth-2-photo-7J1ABD.jpg;Ham Fair 2016 (7J1ABD photo)
/tiara/2016/hamfair/Ham-Fair-Tokyo-2016-TIARA-booth-3-photo-7J1ABD.jpg;Ham Fair 2016 (7J1ABD photo)
/tiara/2016/hamfair/Ham-Fair-Tokyo-2016-TIARA-booth-4-photo-7J1ABD.jpg;Ham Fair 2016 (7J1ABD photo)
/tiara/2016/christmas-party/TIARA-Christmas-Party-2016-12-04-1-7J1ABD.jpg;Christmas Party 2016 (7J1ABD photo)
/tiara/2016/christmas-party/TIARA-Christmas-Party-2016-12-04-3-7J1ABD.jpg;Christmas Party 2016 (7J1ABD photo)
/tiara/2017/12/JARL-Eyeball-JE1RYS-JG1KTC-7J1ABD.jpg;JARL Eyeball 2017 JE1RYS JG1KTC 7J1ABD
/tiara/1973/First-TIARA-Field-Day-197308-1.jpg;First TIARA Field Day 1973 (7J1ABD photo)
/tiara/1973/First-TIARA-Field-Day-197308-2.jpg;First TIARA Field Day 1973 (7J1ABD photo)
/tiara/1973/First-TIARA-Field-Day-197308-3.jpg;First TIARA Field Day 1973 (7J1ABD photo)
/tiara/1973/First-TIARA-Field-Day-197308-4.jpg;First TIARA Field Day 1973 (7J1ABD photo)
/tiara/1974/TIARA-Field-Day-197408-1.jpg;TIARA Field Day 1974 (7J1ABD photo)
/tiara/1974/TIARA-Field-Day-197408-2.jpg;TIARA Field Day 1974 (7J1ABD photo)
/tiara/1974/TIARA-Field-Day-197408-3.jpg;TIARA Field Day 1974 (7J1ABD photo)
/tiara/1974/TIARA-Field-Day-197408-4.jpg;TIARA Field Day 1974 (7J1ABD photo)
/tiara/2017/christmas-party/TIARA-Bonenkai-2017-01.jpg;TIARA Christmas Party 2017 (7J1AAB photo)
/tiara/2017/christmas-party/TIARA-Bonenkai-2017-03.jpg;TIARA Christmas Party 2017 (7J1AAB photo)
/tiara/2017/christmas-party/TIARA-Bonenkai-2017-06.jpg;TIARA Christmas Party 2017 (7J1AAB photo)
/tiara/2017/christmas-party/TIARA-Bonenkai-2017-08.jpg;TIARA Christmas Party 2017 (7J1AAB photo)
/tiara/2017/christmas-party/TIARA-Bonenkai-2017-09.jpg;TIARA Christmas Party 2017 (7J1AAB photo)
/tiara/2017/christmas-party/TIARA-Bonenkai-2017-10.jpg;TIARA Christmas Party 2017 (7J1AAB photo)
/tiara/2017/christmas-party/TIARA-Bonenkai-2017-11.jpg;TIARA Christmas Party 2017 (7J1AAB photo)
/tiara/2017/christmas-party/TIARA-Bonenkai-2017-12.jpg;TIARA Christmas Party 2017 (7J1AAB photo)
/tiara/2017/christmas-party/TIARA-Bonenkai-2017-13.jpg;TIARA Christmas Party 2017 (7J1AAB photo)
/tiara/2017/christmas-party/TIARA-Bonenkai-2017-16.jpg;TIARA Christmas Party 2017 (7J1AAB photo)
/tiara/2017/christmas-party/TIARA-Bonenkai-2017-17.jpg;TIARA Christmas Party 2017 (7J1AAB photo)
/tiara/2017/christmas-party/TIARA-Bonenkai-2017-18.jpg;TIARA Christmas Party 2017 (7J1AAB photo)
/tiara/2017/christmas-party/TIARA-Bonenkai-2017-19.jpg;TIARA Christmas Party 2017 (7J1AAB photo)
/tiara/2017/christmas-party/TIARA-Bonenkai-2017-21.jpg;TIARA Christmas Party 2017 (7J1AAB photo)
/tiara/2017/christmas-party/TIARA-Bonenkai-2017-22.jpg;TIARA Christmas Party 2017 (7J1AAB photo)
/tiara/1997/TIARA-Field-Day-1997.jpg;TIARA Field Day 1997 (7J1ABD photo)
/tiara/1997/TIARA-Field-Day-1997-2.jpg;TIARA Field Day 1997 (7J1ABD photo)
/tiara/1997/TIARA-Christmas-Party-and-25th-Anniversary-Celebration-1997-1.jpg;TIARA Christmas Party and 25th Anniversary Celebration 1997 (7J1ABD photo)
/tiara/1997/TIARA-Christmas-Party-and-25th-Anniversary-Celebration-1997-2.jpg;TIARA Christmas Party and 25th Anniversary Celebration 1997 (7J1ABD photo)
/tiara/1997/TIARA-Christmas-Party-and-25th-Anniversary-Celebration-1997-3.jpg;TIARA Christmas Party and 25th Anniversary Celebration 1997 (7J1ABD photo)
/tiara/1997/TIARA-Christmas-Party-and-25th-Anniversary-Celebration-1997-4.jpg;TIARA Christmas Party and 25th Anniversary Celebration 1997 (7J1ABD photo)
/tiara/1994/TIARA-Booth-at-Ham-Fair-old-exhibition-center-Harumi-1994.jpg;TIARA Booth at 1994 Ham Fair (old Harumi exhibition center) (7J1ABD photo)
/tiara/1994/TIARA-Christmas-Party-1994.jpg;TIARA Christmas Party 1994 (7J1ABD photo)
/tiara/1994/TIARA-Meeting-at-St-Albans-Church-Minato-ku-Tokyo-1994-1995-1.jpg;TIARA Meeting at St. Alban's Church, Minato-ku, Tokyo 1994~1995 (7J1ABD photo)
/tiara/1994/TIARA-Meeting-at-St-Albans-Church-Minato-ku-Tokyo-1994-1995-2.jpg;TIARA Meeting at St. Alban's Church, Minato-ku, Tokyo 1994~1995 (7J1ABD photo)
/tiara/1994/TIARA-Meeting-at-St-Albans-Church-Minato-ku-Tokyo-1994-1995-3.jpg;TIARA Meeting at St. Alban's Church, Minato-ku, Tokyo 1994~1995 (7J1ABD photo)
/tiara/1994/TIARA-Meeting-at-St-Albans-Church-Minato-ku-Tokyo-1994-1995-4.jpg;TIARA Meeting at St. Alban's Church, Minato-ku, Tokyo 1994~1995 (7J1ABD photo)
/tiara/1994/TIARA-Meeting-at-St-Albans-Church-Minato-ku-Tokyo-1994-1995-5.jpg;TIARA Meeting at St. Alban's Church, Minato-ku, Tokyo 1994~1995 (7J1ABD photo)
/tiara/2001/TIARA-Christmas-Party-2001.jpg;TIARA Christmas Party 2001 (7J1ABD photo)
/tiara/1986/TIARA-Field-Day-at-Yomiuriland-1986-1.jpg;TIARA Field Day 1986 Yomiuriland (7J1ABD photo)
/tiara/1986/TIARA-Field-Day-at-Yomiuriland-1986-2.jpg;TIARA Field Day 1986 Yomiuriland (7J1ABD photo)
/tiara/1986/TIARA-Field-Day-at-Yomiuriland-1986-3.jpg;TIARA Field Day 1986 Yomiuriland (7J1ABD photo)
/tiara/1986/TIARA-Field-Day-at-Yomiuriland-1986-4.jpg;TIARA Field Day 1986 Yomiuriland (7J1ABD photo)
/tiara/1986/TIARA-Field-Day-at-Yomiuriland-1986-5.jpg;TIARA Field Day 1986 Yomiuriland (7J1ABD photo)
/tiara/1986/TIARA-Field-Day-at-Yomiuriland-1986-6.jpg;TIARA Field Day 1986 Yomiuriland (7J1ABD photo)
/tiara/1998/TIARA-members-operate-the-Special-Event-station-at-the-Winter-Olympics-in-Nagano-February-1998.jpg;Nagano Winter Olympics, February, 1998 (7J1ABD photo)
/tiara/1998/TIARA-members-with-the-local-hams-and-Hara-san-JA1AN-at-the-Winter-Olympics-in-Nagano-February-1998.jpg;Nagano Winter Olympics, February, 1998 (7J1ABD photo)
/tiara/2003/TIARA-Field-Day-2003-at-Mt-Amariyama-Yamanashi.jpg;Field Day 2003 Mt. Amariyama, Yamanashi (7J1ABD photo)
/tiara/2004/TIARA-Field-Day-2004-at-Mt-Amariyama-Yamanashi.jpg;Field Day 2004 Mt. Amariyama, Yamanashi (7J1ABD photo)
/tiara/2005/TIARA-Field-Day-2005-at-Futtsu-shi-Chiba.jpg;Field Day 2005 Futtsu-shi, Chiba (7J1ABD photo)
/tiara/2017/hamfair/2017-TIARA-at-HamFair-617.jpg;2017 Ham Fair (JO7XVL photo)
/tiara/2017/hamfair/2017-TIARA-at-HamFair-618.jpg;2017 Ham Fair (JO7XVL photo)
/tiara/2018/02/2018-02-16-TIARA-after-meeting-social-hour.jpg;2018-02-16 After Meeting Social Hour (7J1ABD photo)
/tiara/2018/christmas-party/TIARA-Bonenkai-20181208.jpg;Christmas Party 2018 (7J1ABD)
/tiara/2019/06/20190621-Social-Hour-7J1ABD.jpg;2019-06 after meeting social hour (7J1ABD)
